"iso2c","country","year","battle_deaths","region","income"
"AF","Afghanistan",1989,5174,"South Asia","Low income"
"AF","Afghanistan",1990,1478,"South Asia","Low income"
"AF","Afghanistan",1991,3302,"South Asia","Low income"
"AF","Afghanistan",1992,4276,"South Asia","Low income"
"AF","Afghanistan",1993,4071,"South Asia","Low income"
"AF","Afghanistan",1994,8937,"South Asia","Low income"
"AF","Afghanistan",1995,5499,"South Asia","Low income"
"AF","Afghanistan",1996,3177,"South Asia","Low income"
"AF","Afghanistan",1997,6396,"South Asia","Low income"
"AF","Afghanistan",1998,6256,"South Asia","Low income"
"AF","Afghanistan",1999,4629,"South Asia","Low income"
"AF","Afghanistan",2000,5235,"South Asia","Low income"
"AF","Afghanistan",2001,5055,"South Asia","Low income"
"AF","Afghanistan",2002,890,"South Asia","Low income"
"AF","Afghanistan",2003,687,"South Asia","Low income"
"AF","Afghanistan",2004,715,"South Asia","Low income"
"AF","Afghanistan",2005,1595,"South Asia","Low income"
"AF","Afghanistan",2006,4750,"South Asia","Low income"
"AF","Afghanistan",2007,6911,"South Asia","Low income"
"AF","Afghanistan",2008,5552,"South Asia","Low income"
"AF","Afghanistan",2009,6341,"South Asia","Low income"
"AF","Afghanistan",2010,6864,"South Asia","Low income"
"AF","Afghanistan",2011,7403,"South Asia","Low income"
"AF","Afghanistan",2012,7721,"South Asia","Low income"
"AF","Afghanistan",2013,8056,"South Asia","Low income"
"AF","Afghanistan",2014,12284,"South Asia","Low income"
"AF","Afghanistan",2015,17303,"South Asia","Low income"
"AF","Afghanistan",2016,17985,"South Asia","Low income"
"AF","Afghanistan",2017,19014,"South Asia","Low income"
"AF","Afghanistan",2018,25676,"South Asia","Low income"
"AF","Afghanistan",2019,29940,"South Asia","Low income"
"AF","Afghanistan",2020,20475,"South Asia","Low income"
"AF","Afghanistan",2021,35787,"South Asia","Low income"
"AF","Afghanistan",2022,917,"South Asia","Low income"
"AF","Afghanistan",2023,237,"South Asia","Low income"
"AL","Albania",1999,6,"Europe & Central Asia","Upper middle income"
"DZ","Algeria",1991,34,"Middle East & North Africa","Upper middle income"
"DZ","Algeria",1992,257,"Middle East & North Africa","Upper middle income"
"DZ","Algeria",1993,800,"Middle East & North Africa","Upper middle income"
"DZ","Algeria",1994,1916,"Middle East & North Africa","Upper middle income"
"DZ","Algeria",1995,3008,"Middle East & North Africa","Upper middle income"
"DZ","Algeria",1996,1084,"Middle East & North Africa","Upper middle income"
"DZ","Algeria",1997,1403,"Middle East & North Africa","Upper middle income"
"DZ","Algeria",1998,3029,"Middle East & North Africa","Upper middle income"
"DZ","Algeria",1999,1031,"Middle East & North Africa","Upper middle income"
"DZ","Algeria",2000,947,"Middle East & North Africa","Upper middle income"
"DZ","Algeria",2001,642,"Middle East & North Africa","Upper middle income"
"DZ","Algeria",2002,539,"Middle East & North Africa","Upper middle income"
"DZ","Algeria",2003,670,"Middle East & North Africa","Upper middle income"
"DZ","Algeria",2004,397,"Middle East & North Africa","Upper middle income"
"DZ","Algeria",2005,217,"Middle East & North Africa","Upper middle income"
"DZ","Algeria",2006,255,"Middle East & North Africa","Upper middle income"
"DZ","Algeria",2007,472,"Middle East & North Africa","Upper middle income"
"DZ","Algeria",2008,339,"Middle East & North Africa","Upper middle income"
"DZ","Algeria",2009,505,"Middle East & North Africa","Upper middle income"
"DZ","Algeria",2010,236,"Middle East & North Africa","Upper middle income"
"DZ","Algeria",2011,267,"Middle East & North Africa","Upper middle income"
"DZ","Algeria",2012,256,"Middle East & North Africa","Upper middle income"
"DZ","Algeria",2013,147,"Middle East & North Africa","Upper middle income"
"DZ","Algeria",2014,107,"Middle East & North Africa","Upper middle income"
"DZ","Algeria",2015,110,"Middle East & North Africa","Upper middle income"
"DZ","Algeria",2016,86,"Middle East & North Africa","Upper middle income"
"DZ","Algeria",2017,60,"Middle East & North Africa","Upper middle income"
"DZ","Algeria",2018,33,"Middle East & North Africa","Upper middle income"
"DZ","Algeria",2020,26,"Middle East & North Africa","Upper middle income"
"AO","Angola",1989,2810,"Sub-Saharan Africa","Lower middle income"
"AO","Angola",1990,2558,"Sub-Saharan Africa","Lower middle income"
"AO","Angola",1991,516,"Sub-Saharan Africa","Lower middle income"
"AO","Angola",1992,2346,"Sub-Saharan Africa","Lower middle income"
"AO","Angola",1993,12054,"Sub-Saharan Africa","Lower middle income"
"AO","Angola",1994,3974,"Sub-Saharan Africa","Lower middle income"
"AO","Angola",1995,187,"Sub-Saharan Africa","Lower middle income"
"AO","Angola",1996,29,"Sub-Saharan Africa","Lower middle income"
"AO","Angola",1997,51,"Sub-Saharan Africa","Lower middle income"
"AO","Angola",1998,1066,"Sub-Saharan Africa","Lower middle income"
"AO","Angola",1999,2272,"Sub-Saharan Africa","Lower middle income"
"AO","Angola",2000,946,"Sub-Saharan Africa","Lower middle income"
"AO","Angola",2001,1123,"Sub-Saharan Africa","Lower middle income"
"AO","Angola",2002,521,"Sub-Saharan Africa","Lower middle income"
"AO","Angola",2003,25,"Sub-Saharan Africa","Lower middle income"
"AO","Angola",2004,25,"Sub-Saharan Africa","Lower middle income"
"AO","Angola",2007,25,"Sub-Saharan Africa","Lower middle income"
"AO","Angola",2009,25,"Sub-Saharan Africa","Lower middle income"
"AO","Angola",2016,25,"Sub-Saharan Africa","Lower middle income"
"AO","Angola",2017,25,"Sub-Saharan Africa","Lower middle income"
"AO","Angola",2019,25,"Sub-Saharan Africa","Lower middle income"
"AO","Angola",2020,21,"Sub-Saharan Africa","Lower middle income"
"AO","Angola",2022,20,"Sub-Saharan Africa","Lower middle income"
"AM","Armenia",1992,85,"Europe & Central Asia","Upper middle income"
"AM","Armenia",1993,37,"Europe & Central Asia","Upper middle income"
"AM","Armenia",1994,30,"Europe & Central Asia","Upper middle income"
"AM","Armenia",2005,1,"Europe & Central Asia","Upper middle income"
"AM","Armenia",2012,9,"Europe & Central Asia","Upper middle income"
"AM","Armenia",2015,9,"Europe & Central Asia","Upper middle income"
"AM","Armenia",2016,4,"Europe & Central Asia","Upper middle income"
"AM","Armenia",2020,10,"Europe & Central Asia","Upper middle income"
"AM","Armenia",2021,10,"Europe & Central Asia","Upper middle income"
"AM","Armenia",2022,154,"Europe & Central Asia","Upper middle income"
"AM","Armenia",2023,20,"Europe & Central Asia","Upper middle income"
"AU","Australia",2018,1,"East Asia & Pacific","High income"
"AZ","Azerbaijan",1991,35,"Europe & Central Asia","Upper middle income"
"AZ","Azerbaijan",1992,2082,"Europe & Central Asia","Upper middle income"
"AZ","Azerbaijan",1993,1194,"Europe & Central Asia","Upper middle income"
"AZ","Azerbaijan",1994,1477,"Europe & Central Asia","Upper middle income"
"AZ","Azerbaijan",1995,44,"Europe & Central Asia","Upper middle income"
"AZ","Azerbaijan",1997,29,"Europe & Central Asia","Upper middle income"
"AZ","Azerbaijan",1998,34,"Europe & Central Asia","Upper middle income"
"AZ","Azerbaijan",2005,24,"Europe & Central Asia","Upper middle income"
"AZ","Azerbaijan",2008,30,"Europe & Central Asia","Upper middle income"
"AZ","Azerbaijan",2012,16,"Europe & Central Asia","Upper middle income"
"AZ","Azerbaijan",2014,46,"Europe & Central Asia","Upper middle income"
"AZ","Azerbaijan",2015,63,"Europe & Central Asia","Upper middle income"
"AZ","Azerbaijan",2016,137,"Europe & Central Asia","Upper middle income"
"AZ","Azerbaijan",2017,36,"Europe & Central Asia","Upper middle income"
"AZ","Azerbaijan",2020,7636,"Europe & Central Asia","Upper middle income"
"AZ","Azerbaijan",2021,30,"Europe & Central Asia","Upper middle income"
"AZ","Azerbaijan",2022,154,"Europe & Central Asia","Upper middle income"
"AZ","Azerbaijan",2023,442,"Europe & Central Asia","Upper middle income"
"BD","Bangladesh",1989,26,"South Asia","Lower middle income"
"BD","Bangladesh",1990,45,"South Asia","Lower middle income"
"BD","Bangladesh",1991,25,"South Asia","Lower middle income"
"BD","Bangladesh",2005,62,"South Asia","Lower middle income"
"BD","Bangladesh",2006,57,"South Asia","Lower middle income"
"BD","Bangladesh",2016,41,"South Asia","Lower middle income"
"BD","Bangladesh",2017,47,"South Asia","Lower middle income"
"BD","Bangladesh",2020,2,"South Asia","Lower middle income"
"BD","Bangladesh",2022,2,"South Asia","Lower middle income"
"BE","Belgium",2016,2,"Europe & Central Asia","High income"
"BE","Belgium",2018,3,"Europe & Central Asia","High income"
"BJ","Benin",2022,30,"Sub-Saharan Africa","Lower middle income"
"BJ","Benin",2023,28,"Sub-Saharan Africa","Lower middle income"
"BT","Bhutan",1997,4,"South Asia","Lower middle income"
"BA","Bosnia and Herzegovina",1992,20720,"Europe & Central Asia","Upper middle income"
"BA","Bosnia and Herzegovina",1993,13233,"Europe & Central Asia","Upper middle income"
"BA","Bosnia and Herzegovina",1994,7022,"Europe & Central Asia","Upper middle income"
"BA","Bosnia and Herzegovina",1995,8855,"Europe & Central Asia","Upper middle income"
"BF","Burkina Faso",2018,79,"Sub-Saharan Africa","Low income"
"BF","Burkina Faso",2019,349,"Sub-Saharan Africa","Low income"
"BF","Burkina Faso",2020,512,"Sub-Saharan Africa","Low income"
"BF","Burkina Faso",2021,991,"Sub-Saharan Africa","Low income"
"BF","Burkina Faso",2022,2093,"Sub-Saharan Africa","Low income"
"BF","Burkina Faso",2023,4608,"Sub-Saharan Africa","Low income"
"BI","Burundi",1991,272,"Sub-Saharan Africa","Low income"
"BI","Burundi",1992,61,"Sub-Saharan Africa","Low income"
"BI","Burundi",1994,56,"Sub-Saharan Africa","Low income"
"BI","Burundi",1995,382,"Sub-Saharan Africa","Low income"
"BI","Burundi",1996,987,"Sub-Saharan Africa","Low income"
"BI","Burundi",1997,1159,"Sub-Saharan Africa","Low income"
"BI","Burundi",1998,843,"Sub-Saharan Africa","Low income"
"BI","Burundi",1999,781,"Sub-Saharan Africa","Low income"
"BI","Burundi",2000,1529,"Sub-Saharan Africa","Low income"
"BI","Burundi",2001,1231,"Sub-Saharan Africa","Low income"
"BI","Burundi",2002,1349,"Sub-Saharan Africa","Low income"
"BI","Burundi",2003,912,"Sub-Saharan Africa","Low income"
"BI","Burundi",2004,433,"Sub-Saharan Africa","Low income"
"BI","Burundi",2005,298,"Sub-Saharan Africa","Low income"
"BI","Burundi",2006,141,"Sub-Saharan Africa","Low income"
"BI","Burundi",2008,226,"Sub-Saharan Africa","Low income"
"BI","Burundi",2014,56,"Sub-Saharan Africa","Low income"
"BI","Burundi",2015,185,"Sub-Saharan Africa","Low income"
"BI","Burundi",2019,16,"Sub-Saharan Africa","Low income"
"BI","Burundi",2020,63,"Sub-Saharan Africa","Low income"
"BI","Burundi",2021,24,"Sub-Saharan Africa","Low income"
"BI","Burundi",2023,86,"Sub-Saharan Africa","Low income"
"KH","Cambodia",1989,814,"East Asia & Pacific","Lower middle income"
"KH","Cambodia",1990,274,"East Asia & Pacific","Lower middle income"
"KH","Cambodia",1991,220,"East Asia & Pacific","Lower middle income"
"KH","Cambodia",1992,118,"East Asia & Pacific","Lower middle income"
"KH","Cambodia",1993,274,"East Asia & Pacific","Lower middle income"
"KH","Cambodia",1994,464,"East Asia & Pacific","Lower middle income"
"KH","Cambodia",1995,694,"East Asia & Pacific","Lower middle income"
"KH","Cambodia",1996,788,"East Asia & Pacific","Lower middle income"
"KH","Cambodia",1997,415,"East Asia & Pacific","Lower middle income"
"KH","Cambodia",1998,243,"East Asia & Pacific","Lower middle income"
"KH","Cambodia",2011,10,"East Asia & Pacific","Lower middle income"
"CM","Cameroon",1996,56,"Sub-Saharan Africa","Lower middle income"
"CM","Cameroon",2014,969,"Sub-Saharan Africa","Lower middle income"
"CM","Cameroon",2015,924,"Sub-Saharan Africa","Lower middle income"
"CM","Cameroon",2016,181,"Sub-Saharan Africa","Lower middle income"
"CM","Cameroon",2017,98,"Sub-Saharan Africa","Lower middle income"
"CM","Cameroon",2018,752,"Sub-Saharan Africa","Lower middle income"
"CM","Cameroon",2019,693,"Sub-Saharan Africa","Lower middle income"
"CM","Cameroon",2020,429,"Sub-Saharan Africa","Lower middle income"
"CM","Cameroon",2021,581,"Sub-Saharan Africa","Lower middle income"
"CM","Cameroon",2022,406,"Sub-Saharan Africa","Lower middle income"
"CM","Cameroon",2023,358,"Sub-Saharan Africa","Lower middle income"
"CF","Central African Republic",2001,195,"Sub-Saharan Africa","Low income"
"CF","Central African Republic",2002,131,"Sub-Saharan Africa","Low income"
"CF","Central African Republic",2006,46,"Sub-Saharan Africa","Low income"
"CF","Central African Republic",2009,88,"Sub-Saharan Africa","Low income"
"CF","Central African Republic",2010,47,"Sub-Saharan Africa","Low income"
"CF","Central African Republic",2011,48,"Sub-Saharan Africa","Low income"
"CF","Central African Republic",2012,45,"Sub-Saharan Africa","Low income"
"CF","Central African Republic",2013,417,"Sub-Saharan Africa","Low income"
"CF","Central African Republic",2014,153,"Sub-Saharan Africa","Low income"
"CF","Central African Republic",2015,27,"Sub-Saharan Africa","Low income"
"CF","Central African Republic",2017,35,"Sub-Saharan Africa","Low income"
"CF","Central African Republic",2018,103,"Sub-Saharan Africa","Low income"
"CF","Central African Republic",2019,51,"Sub-Saharan Africa","Low income"
"CF","Central African Republic",2020,57,"Sub-Saharan Africa","Low income"
"CF","Central African Republic",2021,906,"Sub-Saharan Africa","Low income"
"CF","Central African Republic",2022,675,"Sub-Saharan Africa","Low income"
"CF","Central African Republic",2023,261,"Sub-Saharan Africa","Low income"
"TD","Chad",1989,50,"Sub-Saharan Africa","Low income"
"TD","Chad",1990,652,"Sub-Saharan Africa","Low income"
"TD","Chad",1991,68,"Sub-Saharan Africa","Low income"
"TD","Chad",1992,899,"Sub-Saharan Africa","Low income"
"TD","Chad",1993,120,"Sub-Saharan Africa","Low income"
"TD","Chad",1994,156,"Sub-Saharan Africa","Low income"
"TD","Chad",1997,97,"Sub-Saharan Africa","Low income"
"TD","Chad",1998,34,"Sub-Saharan Africa","Low income"
"TD","Chad",1999,394,"Sub-Saharan Africa","Low income"
"TD","Chad",2000,989,"Sub-Saharan Africa","Low income"
"TD","Chad",2001,226,"Sub-Saharan Africa","Low income"
"TD","Chad",2002,294,"Sub-Saharan Africa","Low income"
"TD","Chad",2003,37,"Sub-Saharan Africa","Low income"
"TD","Chad",2004,52,"Sub-Saharan Africa","Low income"
"TD","Chad",2005,100,"Sub-Saharan Africa","Low income"
"TD","Chad",2006,1250,"Sub-Saharan Africa","Low income"
"TD","Chad",2007,69,"Sub-Saharan Africa","Low income"
"TD","Chad",2008,991,"Sub-Saharan Africa","Low income"
"TD","Chad",2009,135,"Sub-Saharan Africa","Low income"
"TD","Chad",2010,4,"Sub-Saharan Africa","Low income"
"TD","Chad",2015,275,"Sub-Saharan Africa","Low income"
"TD","Chad",2017,57,"Sub-Saharan Africa","Low income"
"TD","Chad",2018,150,"Sub-Saharan Africa","Low income"
"TD","Chad",2019,144,"Sub-Saharan Africa","Low income"
"TD","Chad",2020,196,"Sub-Saharan Africa","Low income"
"TD","Chad",2021,486,"Sub-Saharan Africa","Low income"
"TD","Chad",2022,35,"Sub-Saharan Africa","Low income"
"TD","Chad",2023,61,"Sub-Saharan Africa","Low income"
"CN","China",2008,36,"East Asia & Pacific","Upper middle income"
"CN","China",2009,2,"East Asia & Pacific","Upper middle income"
"CN","China",2015,5,"East Asia & Pacific","Upper middle income"
"CN","China",2023,1,"East Asia & Pacific","Upper middle income"
"CO","Colombia",1989,238,"Latin America & Caribbean","Upper middle income"
"CO","Colombia",1990,501,"Latin America & Caribbean","Upper middle income"
"CO","Colombia",1991,725,"Latin America & Caribbean","Upper middle income"
"CO","Colombia",1992,1479,"Latin America & Caribbean","Upper middle income"
"CO","Colombia",1993,182,"Latin America & Caribbean","Upper middle income"
"CO","Colombia",1994,1123,"Latin America & Caribbean","Upper middle income"
"CO","Colombia",1995,823,"Latin America & Caribbean","Upper middle income"
"CO","Colombia",1996,1192,"Latin America & Caribbean","Upper middle income"
"CO","Colombia",1997,560,"Latin America & Caribbean","Upper middle income"
"CO","Colombia",1998,939,"Latin America & Caribbean","Upper middle income"
"CO","Colombia",1999,1578,"Latin America & Caribbean","Upper middle income"
"CO","Colombia",2000,1879,"Latin America & Caribbean","Upper middle income"
"CO","Colombia",2001,1864,"Latin America & Caribbean","Upper middle income"
"CO","Colombia",2002,3387,"Latin America & Caribbean","Upper middle income"
"CO","Colombia",2003,2086,"Latin America & Caribbean","Upper middle income"
"CO","Colombia",2004,1360,"Latin America & Caribbean","Upper middle income"
"CO","Colombia",2005,1561,"Latin America & Caribbean","Upper middle income"
"CO","Colombia",2006,503,"Latin America & Caribbean","Upper middle income"
"CO","Colombia",2007,316,"Latin America & Caribbean","Upper middle income"
"CO","Colombia",2008,232,"Latin America & Caribbean","Upper middle income"
"CO","Colombia",2009,379,"Latin America & Caribbean","Upper middle income"
"CO","Colombia",2010,419,"Latin America & Caribbean","Upper middle income"
"CO","Colombia",2011,202,"Latin America & Caribbean","Upper middle income"
"CO","Colombia",2012,211,"Latin America & Caribbean","Upper middle income"
"CO","Colombia",2013,140,"Latin America & Caribbean","Upper middle income"
"CO","Colombia",2014,119,"Latin America & Caribbean","Upper middle income"
"CO","Colombia",2015,134,"Latin America & Caribbean","Upper middle income"
"CO","Colombia",2016,30,"Latin America & Caribbean","Upper middle income"
"CO","Colombia",2018,131,"Latin America & Caribbean","Upper middle income"
"CO","Colombia",2019,115,"Latin America & Caribbean","Upper middle income"
"CO","Colombia",2020,23,"Latin America & Caribbean","Upper middle income"
"CO","Colombia",2021,113,"Latin America & Caribbean","Upper middle income"
"CO","Colombia",2022,122,"Latin America & Caribbean","Upper middle income"
"CO","Colombia",2023,89,"Latin America & Caribbean","Upper middle income"
"KM","Comoros",1989,29,"Sub-Saharan Africa","Lower middle income"
"KM","Comoros",1997,56,"Sub-Saharan Africa","Lower middle income"
"CD","Congo, Dem. Rep.",1994,1,"Sub-Saharan Africa","Low income"
"CD","Congo, Dem. Rep.",1996,1371,"Sub-Saharan Africa","Low income"
"CD","Congo, Dem. Rep.",1997,4599,"Sub-Saharan Africa","Low income"
"CD","Congo, Dem. Rep.",1998,3431,"Sub-Saharan Africa","Low income"
"CD","Congo, Dem. Rep.",1999,3282,"Sub-Saharan Africa","Low income"
"CD","Congo, Dem. Rep.",2000,1473,"Sub-Saharan Africa","Low income"
"CD","Congo, Dem. Rep.",2001,501,"Sub-Saharan Africa","Low income"
"CD","Congo, Dem. Rep.",2002,100,"Sub-Saharan Africa","Low income"
"CD","Congo, Dem. Rep.",2005,34,"Sub-Saharan Africa","Low income"
"CD","Congo, Dem. Rep.",2006,177,"Sub-Saharan Africa","Low income"
"CD","Congo, Dem. Rep.",2007,632,"Sub-Saharan Africa","Low income"
"CD","Congo, Dem. Rep.",2008,767,"Sub-Saharan Africa","Low income"
"CD","Congo, Dem. Rep.",2009,1961,"Sub-Saharan Africa","Low income"
"CD","Congo, Dem. Rep.",2010,300,"Sub-Saharan Africa","Low income"
"CD","Congo, Dem. Rep.",2011,324,"Sub-Saharan Africa","Low income"
"CD","Congo, Dem. Rep.",2012,804,"Sub-Saharan Africa","Low income"
"CD","Congo, Dem. Rep.",2013,1532,"Sub-Saharan Africa","Low income"
"CD","Congo, Dem. Rep.",2014,993,"Sub-Saharan Africa","Low income"
"CD","Congo, Dem. Rep.",2015,197,"Sub-Saharan Africa","Low income"
"CD","Congo, Dem. Rep.",2016,794,"Sub-Saharan Africa","Low income"
"CD","Congo, Dem. Rep.",2017,3632,"Sub-Saharan Africa","Low income"
"CD","Congo, Dem. Rep.",2018,817,"Sub-Saharan Africa","Low income"
"CD","Congo, Dem. Rep.",2019,766,"Sub-Saharan Africa","Low income"
"CD","Congo, Dem. Rep.",2020,1200,"Sub-Saharan Africa","Low income"
"CD","Congo, Dem. Rep.",2021,1019,"Sub-Saharan Africa","Low income"
"CD","Congo, Dem. Rep.",2022,1723,"Sub-Saharan Africa","Low income"
"CD","Congo, Dem. Rep.",2023,689,"Sub-Saharan Africa","Low income"
"CG","Congo, Rep.",1993,53,"Sub-Saharan Africa","Lower middle income"
"CG","Congo, Rep.",1997,10000,"Sub-Saharan Africa","Lower middle income"
"CG","Congo, Rep.",1998,3272,"Sub-Saharan Africa","Lower middle income"
"CG","Congo, Rep.",1999,626,"Sub-Saharan Africa","Lower middle income"
"CG","Congo, Rep.",2002,167,"Sub-Saharan Africa","Lower middle income"
"CG","Congo, Rep.",2016,73,"Sub-Saharan Africa","Lower middle income"
"CG","Congo, Rep.",2022,3,"Sub-Saharan Africa","Lower middle income"
"CI","Cote d'Ivoire",1990,8,"Sub-Saharan Africa","Lower middle income"
"CI","Cote d'Ivoire",2002,661,"Sub-Saharan Africa","Lower middle income"
"CI","Cote d'Ivoire",2003,140,"Sub-Saharan Africa","Lower middle income"
"CI","Cote d'Ivoire",2004,47,"Sub-Saharan Africa","Lower middle income"
"CI","Cote d'Ivoire",2011,98,"Sub-Saharan Africa","Lower middle income"
"HR","Croatia",1992,142,"Europe & Central Asia","High income"
"HR","Croatia",1993,345,"Europe & Central Asia","High income"
"HR","Croatia",1995,826,"Europe & Central Asia","High income"
"DJ","Djibouti",1989,6,"Middle East & North Africa","Lower middle income"
"DJ","Djibouti",1990,60,"Middle East & North Africa","Lower middle income"
"DJ","Djibouti",1991,60,"Middle East & North Africa","Lower middle income"
"DJ","Djibouti",1992,129,"Middle East & North Africa","Lower middle income"
"DJ","Djibouti",1993,33,"Middle East & North Africa","Lower middle income"
"DJ","Djibouti",1994,39,"Middle East & North Africa","Lower middle income"
"DJ","Djibouti",1999,25,"Middle East & North Africa","Lower middle income"
"DJ","Djibouti",2008,35,"Middle East & North Africa","Lower middle income"
"EC","Ecuador",1995,11,"Latin America & Caribbean","Upper middle income"
"EC","Ecuador",2008,50,"Latin America & Caribbean","Upper middle income"
"EC","Ecuador",2019,2,"Latin America & Caribbean","Upper middle income"
"EG","Egypt, Arab Rep.",1993,103,"Middle East & North Africa","Lower middle income"
"EG","Egypt, Arab Rep.",1994,145,"Middle East & North Africa","Lower middle income"
"EG","Egypt, Arab Rep.",1995,187,"Middle East & North Africa","Lower middle income"
"EG","Egypt, Arab Rep.",1996,85,"Middle East & North Africa","Lower middle income"
"EG","Egypt, Arab Rep.",1997,66,"Middle East & North Africa","Lower middle income"
"EG","Egypt, Arab Rep.",1998,27,"Middle East & North Africa","Lower middle income"
"EG","Egypt, Arab Rep.",2014,184,"Middle East & North Africa","Lower middle income"
"EG","Egypt, Arab Rep.",2015,767,"Middle East & North Africa","Lower middle income"
"EG","Egypt, Arab Rep.",2016,355,"Middle East & North Africa","Lower middle income"
"EG","Egypt, Arab Rep.",2017,497,"Middle East & North Africa","Lower middle income"
"EG","Egypt, Arab Rep.",2018,680,"Middle East & North Africa","Lower middle income"
"EG","Egypt, Arab Rep.",2019,637,"Middle East & North Africa","Lower middle income"
"EG","Egypt, Arab Rep.",2020,527,"Middle East & North Africa","Lower middle income"
"EG","Egypt, Arab Rep.",2021,112,"Middle East & North Africa","Lower middle income"
"EG","Egypt, Arab Rep.",2022,231,"Middle East & North Africa","Lower middle income"
"SV","El Salvador",1989,4924,"Latin America & Caribbean","Upper middle income"
"SV","El Salvador",1990,849,"Latin America & Caribbean","Upper middle income"
"SV","El Salvador",1991,88,"Latin America & Caribbean","Upper middle income"
"ER","Eritrea",1997,31,"Sub-Saharan Africa","Low income"
"ER","Eritrea",1998,10,"Sub-Saharan Africa","Low income"
"ER","Eritrea",1999,17203,"Sub-Saharan Africa","Low income"
"ER","Eritrea",2000,1793,"Sub-Saharan Africa","Low income"
"ER","Eritrea",2003,57,"Sub-Saharan Africa","Low income"
"ER","Eritrea",2016,25,"Sub-Saharan Africa","Low income"
"ER","Eritrea",2022,4,"Sub-Saharan Africa","Low income"
"ET","Ethiopia",1989,24358,"Sub-Saharan Africa","Low income"
"ET","Ethiopia",1990,49698,"Sub-Saharan Africa","Low income"
"ET","Ethiopia",1991,12225,"Sub-Saharan Africa","Low income"
"ET","Ethiopia",1992,165,"Sub-Saharan Africa","Low income"
"ET","Ethiopia",1993,36,"Sub-Saharan Africa","Low income"
"ET","Ethiopia",1994,75,"Sub-Saharan Africa","Low income"
"ET","Ethiopia",1995,29,"Sub-Saharan Africa","Low income"
"ET","Ethiopia",1996,52,"Sub-Saharan Africa","Low income"
"ET","Ethiopia",1998,1040,"Sub-Saharan Africa","Low income"
"ET","Ethiopia",1999,30704,"Sub-Saharan Africa","Low income"
"ET","Ethiopia",2000,48257,"Sub-Saharan Africa","Low income"
"ET","Ethiopia",2001,40,"Sub-Saharan Africa","Low income"
"ET","Ethiopia",2002,50,"Sub-Saharan Africa","Low income"
"ET","Ethiopia",2003,50,"Sub-Saharan Africa","Low income"
"ET","Ethiopia",2004,50,"Sub-Saharan Africa","Low income"
"ET","Ethiopia",2005,83,"Sub-Saharan Africa","Low income"
"ET","Ethiopia",2006,50,"Sub-Saharan Africa","Low income"
"ET","Ethiopia",2007,177,"Sub-Saharan Africa","Low income"
"ET","Ethiopia",2008,50,"Sub-Saharan Africa","Low income"
"ET","Ethiopia",2009,515,"Sub-Saharan Africa","Low income"
"ET","Ethiopia",2010,151,"Sub-Saharan Africa","Low income"
"ET","Ethiopia",2011,51,"Sub-Saharan Africa","Low income"
"ET","Ethiopia",2012,50,"Sub-Saharan Africa","Low income"
"ET","Ethiopia",2013,77,"Sub-Saharan Africa","Low income"
"ET","Ethiopia",2014,25,"Sub-Saharan Africa","Low income"
"ET","Ethiopia",2015,49,"Sub-Saharan Africa","Low income"
"ET","Ethiopia",2016,50,"Sub-Saharan Africa","Low income"
"ET","Ethiopia",2019,67,"Sub-Saharan Africa","Low income"
"ET","Ethiopia",2020,20916,"Sub-Saharan Africa","Low income"
"ET","Ethiopia",2021,124550,"Sub-Saharan Africa","Low income"
"ET","Ethiopia",2022,163210,"Sub-Saharan Africa","Low income"
"ET","Ethiopia",2023,1688,"Sub-Saharan Africa","Low income"
"FR","France",2015,3,"Europe & Central Asia","High income"
"FR","France",2017,2,"Europe & Central Asia","High income"
"FR","France",2018,4,"Europe & Central Asia","High income"
"GE","Georgia",1991,52,"Europe & Central Asia","Upper middle income"
"GE","Georgia",1992,771,"Europe & Central Asia","Upper middle income"
"GE","Georgia",1993,1763,"Europe & Central Asia","Upper middle income"
"GE","Georgia",2004,27,"Europe & Central Asia","Upper middle income"
"GE","Georgia",2008,621,"Europe & Central Asia","Upper middle income"
"DE","Germany",1989,3,"Europe & Central Asia","High income"
"DE","Germany",1990,1,"Europe & Central Asia","High income"
"GT","Guatemala",1989,82,"Latin America & Caribbean","Upper middle income"
"GT","Guatemala",1990,83,"Latin America & Caribbean","Upper middle income"
"GT","Guatemala",1991,72,"Latin America & Caribbean","Upper middle income"
"GT","Guatemala",1992,67,"Latin America & Caribbean","Upper middle income"
"GT","Guatemala",1993,58,"Latin America & Caribbean","Upper middle income"
"GT","Guatemala",1994,37,"Latin America & Caribbean","Upper middle income"
"GT","Guatemala",1995,27,"Latin America & Caribbean","Upper middle income"
"GN","Guinea",2000,217,"Sub-Saharan Africa","Lower middle income"
"GN","Guinea",2001,430,"Sub-Saharan Africa","Lower middle income"
"GW","Guinea-Bissau",1992,2,"Sub-Saharan Africa","Low income"
"GW","Guinea-Bissau",1998,505,"Sub-Saharan Africa","Low income"
"GW","Guinea-Bissau",1999,199,"Sub-Saharan Africa","Low income"
"HT","Haiti",1989,48,"Latin America & Caribbean","Lower middle income"
"HT","Haiti",1991,160,"Latin America & Caribbean","Lower middle income"
"HT","Haiti",2004,207,"Latin America & Caribbean","Lower middle income"
"IN","India",1989,1002,"South Asia","Lower middle income"
"IN","India",1990,2393,"South Asia","Lower middle income"
"IN","India",1991,3153,"South Asia","Lower middle income"
"IN","India",1992,3078,"South Asia","Lower middle income"
"IN","India",1993,1503,"South Asia","Lower middle income"
"IN","India",1994,1178,"South Asia","Lower middle income"
"IN","India",1995,836,"South Asia","Lower middle income"
"IN","India",1996,833,"South Asia","Lower middle income"
"IN","India",1997,950,"South Asia","Lower middle income"
"IN","India",1998,881,"South Asia","Lower middle income"
"IN","India",1999,2041,"South Asia","Lower middle income"
"IN","India",2000,2902,"South Asia","Lower middle income"
"IN","India",2001,1320,"South Asia","Lower middle income"
"IN","India",2002,1903,"South Asia","Lower middle income"
"IN","India",2003,1727,"South Asia","Lower middle income"
"IN","India",2004,1667,"South Asia","Lower middle income"
"IN","India",2005,1382,"South Asia","Lower middle income"
"IN","India",2006,1373,"South Asia","Lower middle income"
"IN","India",2007,1086,"South Asia","Lower middle income"
"IN","India",2008,1083,"South Asia","Lower middle income"
"IN","India",2009,1115,"South Asia","Lower middle income"
"IN","India",2010,1028,"South Asia","Lower middle income"
"IN","India",2011,439,"South Asia","Lower middle income"
"IN","India",2012,416,"South Asia","Lower middle income"
"IN","India",2013,405,"South Asia","Lower middle income"
"IN","India",2014,473,"South Asia","Lower middle income"
"IN","India",2015,504,"South Asia","Lower middle income"
"IN","India",2016,637,"South Asia","Lower middle income"
"IN","India",2017,665,"South Asia","Lower middle income"
"IN","India",2018,824,"South Asia","Lower middle income"
"IN","India",2019,594,"South Asia","Lower middle income"
"IN","India",2020,584,"South Asia","Lower middle income"
"IN","India",2021,430,"South Asia","Lower middle income"
"IN","India",2022,310,"South Asia","Lower middle income"
"IN","India",2023,217,"South Asia","Lower middle income"
"ID","Indonesia",1990,72,"East Asia & Pacific","Upper middle income"
"ID","Indonesia",1991,58,"East Asia & Pacific","Upper middle income"
"ID","Indonesia",1992,39,"East Asia & Pacific","Upper middle income"
"ID","Indonesia",1997,51,"East Asia & Pacific","Upper middle income"
"ID","Indonesia",1998,30,"East Asia & Pacific","Upper middle income"
"ID","Indonesia",1999,213,"East Asia & Pacific","Upper middle income"
"ID","Indonesia",2000,286,"East Asia & Pacific","Upper middle income"
"ID","Indonesia",2001,278,"East Asia & Pacific","Upper middle income"
"ID","Indonesia",2002,466,"East Asia & Pacific","Upper middle income"
"ID","Indonesia",2003,868,"East Asia & Pacific","Upper middle income"
"ID","Indonesia",2004,935,"East Asia & Pacific","Upper middle income"
"ID","Indonesia",2005,213,"East Asia & Pacific","Upper middle income"
"ID","Indonesia",2018,28,"East Asia & Pacific","Upper middle income"
"ID","Indonesia",2019,34,"East Asia & Pacific","Upper middle income"
"ID","Indonesia",2020,31,"East Asia & Pacific","Upper middle income"
"ID","Indonesia",2021,51,"East Asia & Pacific","Upper middle income"
"ID","Indonesia",2022,46,"East Asia & Pacific","Upper middle income"
"ID","Indonesia",2023,59,"East Asia & Pacific","Upper middle income"
"IR","Iran, Islamic Rep.",1990,31,"Middle East & North Africa","Upper middle income"
"IR","Iran, Islamic Rep.",1991,44,"Middle East & North Africa","Upper middle income"
"IR","Iran, Islamic Rep.",1993,143,"Middle East & North Africa","Upper middle income"
"IR","Iran, Islamic Rep.",1996,34,"Middle East & North Africa","Upper middle income"
"IR","Iran, Islamic Rep.",1997,37,"Middle East & North Africa","Upper middle income"
"IR","Iran, Islamic Rep.",1999,19,"Middle East & North Africa","Upper middle income"
"IR","Iran, Islamic Rep.",2000,40,"Middle East & North Africa","Upper middle income"
"IR","Iran, Islamic Rep.",2001,112,"Middle East & North Africa","Upper middle income"
"IR","Iran, Islamic Rep.",2005,28,"Middle East & North Africa","Upper middle income"
"IR","Iran, Islamic Rep.",2006,52,"Middle East & North Africa","Upper middle income"
"IR","Iran, Islamic Rep.",2007,86,"Middle East & North Africa","Upper middle income"
"IR","Iran, Islamic Rep.",2008,117,"Middle East & North Africa","Upper middle income"
"IR","Iran, Islamic Rep.",2009,133,"Middle East & North Africa","Upper middle income"
"IR","Iran, Islamic Rep.",2010,74,"Middle East & North Africa","Upper middle income"
"IR","Iran, Islamic Rep.",2011,219,"Middle East & North Africa","Upper middle income"
"IR","Iran, Islamic Rep.",2016,22,"Middle East & North Africa","Upper middle income"
"IR","Iran, Islamic Rep.",2017,27,"Middle East & North Africa","Upper middle income"
"IR","Iran, Islamic Rep.",2018,60,"Middle East & North Africa","Upper middle income"
"IR","Iran, Islamic Rep.",2019,31,"Middle East & North Africa","Upper middle income"
"IR","Iran, Islamic Rep.",2020,212,"Middle East & North Africa","Upper middle income"
"IR","Iran, Islamic Rep.",2021,27,"Middle East & North Africa","Upper middle income"
"IR","Iran, Islamic Rep.",2023,34,"Middle East & North Africa","Upper middle income"
"IQ","Iraq",1989,50,"Middle East & North Africa","Upper middle income"
"IQ","Iraq",1990,94,"Middle East & North Africa","Upper middle income"
"IQ","Iraq",1991,23059,"Middle East & North Africa","Upper middle income"
"IQ","Iraq",1992,340,"Middle East & North Africa","Upper middle income"
"IQ","Iraq",1993,120,"Middle East & North Africa","Upper middle income"
"IQ","Iraq",1994,241,"Middle East & North Africa","Upper middle income"
"IQ","Iraq",1995,757,"Middle East & North Africa","Upper middle income"
"IQ","Iraq",1996,607,"Middle East & North Africa","Upper middle income"
"IQ","Iraq",1997,1336,"Middle East & North Africa","Upper middle income"
"IQ","Iraq",1998,50,"Middle East & North Africa","Upper middle income"
"IQ","Iraq",1999,274,"Middle East & North Africa","Upper middle income"
"IQ","Iraq",2000,53,"Middle East & North Africa","Upper middle income"
"IQ","Iraq",2001,36,"Middle East & North Africa","Upper middle income"
"IQ","Iraq",2002,26,"Middle East & North Africa","Upper middle income"
"IQ","Iraq",2003,7927,"Middle East & North Africa","Upper middle income"
"IQ","Iraq",2004,4095,"Middle East & North Africa","Upper middle income"
"IQ","Iraq",2005,2608,"Middle East & North Africa","Upper middle income"
"IQ","Iraq",2006,3928,"Middle East & North Africa","Upper middle income"
"IQ","Iraq",2007,2217,"Middle East & North Africa","Upper middle income"
"IQ","Iraq",2008,2233,"Middle East & North Africa","Upper middle income"
"IQ","Iraq",2009,1045,"Middle East & North Africa","Upper middle income"
"IQ","Iraq",2010,1118,"Middle East & North Africa","Upper middle income"
"IQ","Iraq",2011,1043,"Middle East & North Africa","Upper middle income"
"IQ","Iraq",2012,638,"Middle East & North Africa","Upper middle income"
"IQ","Iraq",2013,1882,"Middle East & North Africa","Upper middle income"
"IQ","Iraq",2014,13168,"Middle East & North Africa","Upper middle income"
"IQ","Iraq",2015,10139,"Middle East & North Africa","Upper middle income"
"IQ","Iraq",2016,9630,"Middle East & North Africa","Upper middle income"
"IQ","Iraq",2017,10248,"Middle East & North Africa","Upper middle income"
"IQ","Iraq",2018,1294,"Middle East & North Africa","Upper middle income"
"IQ","Iraq",2019,822,"Middle East & North Africa","Upper middle income"
"IQ","Iraq",2020,902,"Middle East & North Africa","Upper middle income"
"IQ","Iraq",2021,872,"Middle East & North Africa","Upper middle income"
"IQ","Iraq",2022,993,"Middle East & North Africa","Upper middle income"
"IQ","Iraq",2023,469,"Middle East & North Africa","Upper middle income"
"IL","Israel",1989,5,"Middle East & North Africa","High income"
"IL","Israel",1990,18,"Middle East & North Africa","High income"
"IL","Israel",1991,16,"Middle East & North Africa","High income"
"IL","Israel",1992,31,"Middle East & North Africa","High income"
"IL","Israel",1993,49,"Middle East & North Africa","High income"
"IL","Israel",1994,44,"Middle East & North Africa","High income"
"IL","Israel",1995,35,"Middle East & North Africa","High income"
"IL","Israel",1996,71,"Middle East & North Africa","High income"
"IL","Israel",2000,79,"Middle East & North Africa","High income"
"IL","Israel",2001,244,"Middle East & North Africa","High income"
"IL","Israel",2002,613,"Middle East & North Africa","High income"
"IL","Israel",2003,308,"Middle East & North Africa","High income"
"IL","Israel",2004,385,"Middle East & North Africa","High income"
"IL","Israel",2005,123,"Middle East & North Africa","High income"
"IL","Israel",2006,465,"Middle East & North Africa","High income"
"IL","Israel",2007,276,"Middle East & North Africa","High income"
"IL","Israel",2008,668,"Middle East & North Africa","High income"
"IL","Israel",2009,696,"Middle East & North Africa","High income"
"IL","Israel",2010,27,"Middle East & North Africa","High income"
"IL","Israel",2011,78,"Middle East & North Africa","High income"
"IL","Israel",2012,235,"Middle East & North Africa","High income"
"IL","Israel",2014,2378,"Middle East & North Africa","High income"
"IL","Israel",2018,53,"Middle East & North Africa","High income"
"IL","Israel",2019,48,"Middle East & North Africa","High income"
"IL","Israel",2021,269,"Middle East & North Africa","High income"
"IL","Israel",2022,84,"Middle East & North Africa","High income"
"IL","Israel",2023,26712,"Middle East & North Africa","High income"
"JO","Jordan",2015,1,"Middle East & North Africa","Lower middle income"
"JO","Jordan",2016,34,"Middle East & North Africa","Lower middle income"
"KE","Kenya",1999,18,"Sub-Saharan Africa","Lower middle income"
"KE","Kenya",2001,10,"Sub-Saharan Africa","Lower middle income"
"KE","Kenya",2007,1,"Sub-Saharan Africa","Lower middle income"
"KE","Kenya",2011,2,"Sub-Saharan Africa","Lower middle income"
"KE","Kenya",2012,29,"Sub-Saharan Africa","Lower middle income"
"KE","Kenya",2013,29,"Sub-Saharan Africa","Lower middle income"
"KE","Kenya",2014,42,"Sub-Saharan Africa","Lower middle income"
"KE","Kenya",2015,48,"Sub-Saharan Africa","Lower middle income"
"KE","Kenya",2016,49,"Sub-Saharan Africa","Lower middle income"
"KE","Kenya",2017,85,"Sub-Saharan Africa","Lower middle income"
"KE","Kenya",2018,69,"Sub-Saharan Africa","Lower middle income"
"KE","Kenya",2019,61,"Sub-Saharan Africa","Lower middle income"
"KE","Kenya",2020,94,"Sub-Saharan Africa","Lower middle income"
"KE","Kenya",2021,75,"Sub-Saharan Africa","Lower middle income"
"KE","Kenya",2022,72,"Sub-Saharan Africa","Lower middle income"
"KE","Kenya",2023,202,"Sub-Saharan Africa","Lower middle income"
"KW","Kuwait",1990,1058,"Middle East & North Africa","High income"
"KW","Kuwait",1991,135,"Middle East & North Africa","High income"
"KG","Kyrgyz Republic",1999,14,"Europe & Central Asia","Lower middle income"
"KG","Kyrgyz Republic",2000,174,"Europe & Central Asia","Lower middle income"
"KG","Kyrgyz Republic",2021,40,"Europe & Central Asia","Lower middle income"
"KG","Kyrgyz Republic",2022,63,"Europe & Central Asia","Lower middle income"
"LA","Lao PDR",1989,30,"East Asia & Pacific","Lower middle income"
"LA","Lao PDR",1990,249,"East Asia & Pacific","Lower middle income"
"LB","Lebanon",1989,760,"Middle East & North Africa","Lower middle income"
"LB","Lebanon",1990,753,"Middle East & North Africa","Lower middle income"
"LB","Lebanon",1991,40,"Middle East & North Africa","Lower middle income"
"LB","Lebanon",1992,89,"Middle East & North Africa","Lower middle income"
"LB","Lebanon",1993,122,"Middle East & North Africa","Lower middle income"
"LB","Lebanon",1994,82,"Middle East & North Africa","Lower middle income"
"LB","Lebanon",1995,73,"Middle East & North Africa","Lower middle income"
"LB","Lebanon",1996,91,"Middle East & North Africa","Lower middle income"
"LB","Lebanon",1997,88,"Middle East & North Africa","Lower middle income"
"LB","Lebanon",1998,54,"Middle East & North Africa","Lower middle income"
"LB","Lebanon",1999,41,"Middle East & North Africa","Lower middle income"
"LB","Lebanon",2000,25,"Middle East & North Africa","Lower middle income"
"LB","Lebanon",2006,1184,"Middle East & North Africa","Lower middle income"
"LB","Lebanon",2013,2,"Middle East & North Africa","Lower middle income"
"LB","Lebanon",2014,140,"Middle East & North Africa","Lower middle income"
"LB","Lebanon",2015,76,"Middle East & North Africa","Lower middle income"
"LB","Lebanon",2017,74,"Middle East & North Africa","Lower middle income"
"LB","Lebanon",2023,123,"Middle East & North Africa","Lower middle income"
"LS","Lesotho",1998,78,"Sub-Saharan Africa","Lower middle income"
"LR","Liberia",1989,27,"Sub-Saharan Africa","Low income"
"LR","Liberia",1990,339,"Sub-Saharan Africa","Low income"
"LR","Liberia",1993,5,"Sub-Saharan Africa","Low income"
"LR","Liberia",2000,57,"Sub-Saharan Africa","Low income"
"LR","Liberia",2001,341,"Sub-Saharan Africa","Low income"
"LR","Liberia",2002,492,"Sub-Saharan Africa","Low income"
"LR","Liberia",2003,1787,"Sub-Saharan Africa","Low income"
"LY","Libya",2011,3762,"Middle East & North Africa","Upper middle income"
"LY","Libya",2013,31,"Middle East & North Africa","Upper middle income"
"LY","Libya",2014,274,"Middle East & North Africa","Upper middle income"
"LY","Libya",2015,275,"Middle East & North Africa","Upper middle income"
"LY","Libya",2016,1727,"Middle East & North Africa","Upper middle income"
"LY","Libya",2017,404,"Middle East & North Africa","Upper middle income"
"LY","Libya",2018,44,"Middle East & North Africa","Upper middle income"
"LY","Libya",2019,1631,"Middle East & North Africa","Upper middle income"
"LY","Libya",2020,668,"Middle East & North Africa","Upper middle income"
"MY","Malaysia",2013,70,"East Asia & Pacific","Upper middle income"
"MY","Malaysia",2017,1,"East Asia & Pacific","Upper middle income"
"ML","Mali",1990,457,"Sub-Saharan Africa","Low income"
"ML","Mali",1991,59,"Sub-Saharan Africa","Low income"
"ML","Mali",1994,106,"Sub-Saharan Africa","Low income"
"ML","Mali",2005,12,"Sub-Saharan Africa","Low income"
"ML","Mali",2007,39,"Sub-Saharan Africa","Low income"
"ML","Mali",2008,112,"Sub-Saharan Africa","Low income"
"ML","Mali",2009,126,"Sub-Saharan Africa","Low income"
"ML","Mali",2010,28,"Sub-Saharan Africa","Low income"
"ML","Mali",2012,218,"Sub-Saharan Africa","Low income"
"ML","Mali",2013,805,"Sub-Saharan Africa","Low income"
"ML","Mali",2014,189,"Sub-Saharan Africa","Low income"
"ML","Mali",2015,172,"Sub-Saharan Africa","Low income"
"ML","Mali",2016,97,"Sub-Saharan Africa","Low income"
"ML","Mali",2017,359,"Sub-Saharan Africa","Low income"
"ML","Mali",2018,521,"Sub-Saharan Africa","Low income"
"ML","Mali",2019,603,"Sub-Saharan Africa","Low income"
"ML","Mali",2020,583,"Sub-Saharan Africa","Low income"
"ML","Mali",2021,726,"Sub-Saharan Africa","Low income"
"ML","Mali",2022,1440,"Sub-Saharan Africa","Low income"
"ML","Mali",2023,1238,"Sub-Saharan Africa","Low income"
"MR","Mauritania",2010,1,"Sub-Saharan Africa","Lower middle income"
"MX","Mexico",1994,145,"Latin America & Caribbean","Upper middle income"
"MX","Mexico",1996,37,"Latin America & Caribbean","Upper middle income"
"MD","Moldova",1992,585,"Europe & Central Asia","Upper middle income"
"MC","Monaco",1989,207,"Europe & Central Asia","High income"
"MA","Morocco",1989,207,"Middle East & North Africa","Lower middle income"
"MZ","Mozambique",1989,1149,"Sub-Saharan Africa","Low income"
"MZ","Mozambique",1990,1577,"Sub-Saharan Africa","Low income"
"MZ","Mozambique",1991,1326,"Sub-Saharan Africa","Low income"
"MZ","Mozambique",1992,309,"Sub-Saharan Africa","Low income"
"MZ","Mozambique",2013,42,"Sub-Saharan Africa","Low income"
"MZ","Mozambique",2014,30,"Sub-Saharan Africa","Low income"
"MZ","Mozambique",2016,55,"Sub-Saharan Africa","Low income"
"MZ","Mozambique",2018,51,"Sub-Saharan Africa","Low income"
"MZ","Mozambique",2019,291,"Sub-Saharan Africa","Low income"
"MZ","Mozambique",2020,939,"Sub-Saharan Africa","Low income"
"MZ","Mozambique",2021,867,"Sub-Saharan Africa","Low income"
"MZ","Mozambique",2022,378,"Sub-Saharan Africa","Low income"
"MZ","Mozambique",2023,176,"Sub-Saharan Africa","Low income"
"MM","Myanmar",1989,1498,"East Asia & Pacific","Lower middle income"
"MM","Myanmar",1990,536,"East Asia & Pacific","Lower middle income"
"MM","Myanmar",1991,777,"East Asia & Pacific","Lower middle income"
"MM","Myanmar",1992,1617,"East Asia & Pacific","Lower middle income"
"MM","Myanmar",1993,130,"East Asia & Pacific","Lower middle income"
"MM","Myanmar",1994,685,"East Asia & Pacific","Lower middle income"
"MM","Myanmar",1995,317,"East Asia & Pacific","Lower middle income"
"MM","Myanmar",1996,229,"East Asia & Pacific","Lower middle income"
"MM","Myanmar",1997,323,"East Asia & Pacific","Lower middle income"
"MM","Myanmar",1998,61,"East Asia & Pacific","Lower middle income"
"MM","Myanmar",1999,25,"East Asia & Pacific","Lower middle income"
"MM","Myanmar",2000,215,"East Asia & Pacific","Lower middle income"
"MM","Myanmar",2001,193,"East Asia & Pacific","Lower middle income"
"MM","Myanmar",2002,271,"East Asia & Pacific","Lower middle income"
"MM","Myanmar",2003,38,"East Asia & Pacific","Lower middle income"
"MM","Myanmar",2004,27,"East Asia & Pacific","Lower middle income"
"MM","Myanmar",2005,139,"East Asia & Pacific","Lower middle income"
"MM","Myanmar",2006,244,"East Asia & Pacific","Lower middle income"
"MM","Myanmar",2007,348,"East Asia & Pacific","Lower middle income"
"MM","Myanmar",2008,46,"East Asia & Pacific","Lower middle income"
"MM","Myanmar",2009,193,"East Asia & Pacific","Lower middle income"
"MM","Myanmar",2010,150,"East Asia & Pacific","Lower middle income"
"MM","Myanmar",2011,713,"East Asia & Pacific","Lower middle income"
"MM","Myanmar",2012,702,"East Asia & Pacific","Lower middle income"
"MM","Myanmar",2013,278,"East Asia & Pacific","Lower middle income"
"MM","Myanmar",2014,187,"East Asia & Pacific","Lower middle income"
"MM","Myanmar",2015,629,"East Asia & Pacific","Lower middle income"
"MM","Myanmar",2016,118,"East Asia & Pacific","Lower middle income"
"MM","Myanmar",2017,517,"East Asia & Pacific","Lower middle income"
"MM","Myanmar",2018,99,"East Asia & Pacific","Lower middle income"
"MM","Myanmar",2019,558,"East Asia & Pacific","Lower middle income"
"MM","Myanmar",2020,168,"East Asia & Pacific","Lower middle income"
"MM","Myanmar",2021,1031,"East Asia & Pacific","Lower middle income"
"MM","Myanmar",2022,2036,"East Asia & Pacific","Lower middle income"
"MM","Myanmar",2023,2439,"East Asia & Pacific","Lower middle income"
"NA","Namibia",1999,1,"Sub-Saharan Africa","Upper middle income"
"NA","Namibia",2000,54,"Sub-Saharan Africa","Upper middle income"
"NP","Nepal",1996,44,"South Asia","Lower middle income"
"NP","Nepal",1997,40,"South Asia","Lower middle income"
"NP","Nepal",1998,250,"South Asia","Lower middle income"
"NP","Nepal",1999,156,"South Asia","Lower middle income"
"NP","Nepal",2000,268,"South Asia","Lower middle income"
"NP","Nepal",2001,429,"South Asia","Lower middle income"
"NP","Nepal",2002,3946,"South Asia","Lower middle income"
"NP","Nepal",2003,1341,"South Asia","Lower middle income"
"NP","Nepal",2004,1880,"South Asia","Lower middle income"
"NP","Nepal",2005,1104,"South Asia","Lower middle income"
"NP","Nepal",2006,457,"South Asia","Lower middle income"
"NL","Netherlands",1990,2,"Europe & Central Asia","High income"
"NI","Nicaragua",1989,526,"Latin America & Caribbean","Lower middle income"
"NI","Nicaragua",1990,39,"Latin America & Caribbean","Lower middle income"
"NE","Niger",1991,40,"Sub-Saharan Africa","Low income"
"NE","Niger",1992,29,"Sub-Saharan Africa","Low income"
"NE","Niger",1994,50,"Sub-Saharan Africa","Low income"
"NE","Niger",1995,34,"Sub-Saharan Africa","Low income"
"NE","Niger",1997,62,"Sub-Saharan Africa","Low income"
"NE","Niger",2004,4,"Sub-Saharan Africa","Low income"
"NE","Niger",2007,81,"Sub-Saharan Africa","Low income"
"NE","Niger",2008,47,"Sub-Saharan Africa","Low income"
"NE","Niger",2013,31,"Sub-Saharan Africa","Low income"
"NE","Niger",2015,368,"Sub-Saharan Africa","Low income"
"NE","Niger",2016,274,"Sub-Saharan Africa","Low income"
"NE","Niger",2017,229,"Sub-Saharan Africa","Low income"
"NE","Niger",2018,74,"Sub-Saharan Africa","Low income"
"NE","Niger",2019,298,"Sub-Saharan Africa","Low income"
"NE","Niger",2020,535,"Sub-Saharan Africa","Low income"
"NE","Niger",2021,459,"Sub-Saharan Africa","Low income"
"NE","Niger",2022,516,"Sub-Saharan Africa","Low income"
"NE","Niger",2023,337,"Sub-Saharan Africa","Low income"
"NG","Nigeria",2004,151,"Sub-Saharan Africa","Lower middle income"
"NG","Nigeria",2009,405,"Sub-Saharan Africa","Lower middle income"
"NG","Nigeria",2011,325,"Sub-Saharan Africa","Lower middle income"
"NG","Nigeria",2012,811,"Sub-Saharan Africa","Lower middle income"
"NG","Nigeria",2013,1629,"Sub-Saharan Africa","Lower middle income"
"NG","Nigeria",2014,3819,"Sub-Saharan Africa","Lower middle income"
"NG","Nigeria",2015,4637,"Sub-Saharan Africa","Lower middle income"
"NG","Nigeria",2016,2491,"Sub-Saharan Africa","Lower middle income"
"NG","Nigeria",2017,1879,"Sub-Saharan Africa","Lower middle income"
"NG","Nigeria",2018,1173,"Sub-Saharan Africa","Lower middle income"
"NG","Nigeria",2019,1326,"Sub-Saharan Africa","Lower middle income"
"NG","Nigeria",2020,2001,"Sub-Saharan Africa","Lower middle income"
"NG","Nigeria",2021,1999,"Sub-Saharan Africa","Lower middle income"
"NG","Nigeria",2022,1535,"Sub-Saharan Africa","Lower middle income"
"NG","Nigeria",2023,2084,"Sub-Saharan Africa","Lower middle income"
"MK","North Macedonia",2001,72,"Europe & Central Asia","Upper middle income"
"PK","Pakistan",1990,73,"South Asia","Lower middle income"
"PK","Pakistan",1991,27,"South Asia","Lower middle income"
"PK","Pakistan",1994,74,"South Asia","Lower middle income"
"PK","Pakistan",1995,69,"South Asia","Lower middle income"
"PK","Pakistan",1996,47,"South Asia","Lower middle income"
"PK","Pakistan",1997,45,"South Asia","Lower middle income"
"PK","Pakistan",1998,52,"South Asia","Lower middle income"
"PK","Pakistan",1999,32,"South Asia","Lower middle income"
"PK","Pakistan",2000,116,"South Asia","Lower middle income"
"PK","Pakistan",2001,36,"South Asia","Lower middle income"
"PK","Pakistan",2002,148,"South Asia","Lower middle income"
"PK","Pakistan",2003,175,"South Asia","Lower middle income"
"PK","Pakistan",2004,359,"South Asia","Lower middle income"
"PK","Pakistan",2005,110,"South Asia","Lower middle income"
"PK","Pakistan",2006,419,"South Asia","Lower middle income"
"PK","Pakistan",2007,759,"South Asia","Lower middle income"
"PK","Pakistan",2008,3538,"South Asia","Lower middle income"
"PK","Pakistan",2009,6916,"South Asia","Lower middle income"
"PK","Pakistan",2010,6077,"South Asia","Lower middle income"
"PK","Pakistan",2011,2863,"South Asia","Lower middle income"
"PK","Pakistan",2012,3018,"South Asia","Lower middle income"
"PK","Pakistan",2013,1817,"South Asia","Lower middle income"
"PK","Pakistan",2014,3154,"South Asia","Lower middle income"
"PK","Pakistan",2015,2126,"South Asia","Lower middle income"
"PK","Pakistan",2016,796,"South Asia","Lower middle income"
"PK","Pakistan",2017,701,"South Asia","Lower middle income"
"PK","Pakistan",2018,228,"South Asia","Lower middle income"
"PK","Pakistan",2019,267,"South Asia","Lower middle income"
"PK","Pakistan",2020,373,"South Asia","Lower middle income"
"PK","Pakistan",2021,416,"South Asia","Lower middle income"
"PK","Pakistan",2022,630,"South Asia","Lower middle income"
"PK","Pakistan",2023,1054,"South Asia","Lower middle income"
"PA","Panama",1989,920,"Latin America & Caribbean","High income"
"PG","Papua New Guinea",1990,55,"East Asia & Pacific","Lower middle income"
"PG","Papua New Guinea",1992,33,"East Asia & Pacific","Lower middle income"
"PG","Papua New Guinea",1993,34,"East Asia & Pacific","Lower middle income"
"PG","Papua New Guinea",1994,26,"East Asia & Pacific","Lower middle income"
"PG","Papua New Guinea",1995,29,"East Asia & Pacific","Lower middle income"
"PG","Papua New Guinea",1996,78,"East Asia & Pacific","Lower middle income"
"PY","Paraguay",1989,150,"Latin America & Caribbean","Upper middle income"
"PE","Peru",1989,1827,"Latin America & Caribbean","Upper middle income"
"PE","Peru",1990,1099,"Latin America & Caribbean","Upper middle income"
"PE","Peru",1991,1138,"Latin America & Caribbean","Upper middle income"
"PE","Peru",1992,1042,"Latin America & Caribbean","Upper middle income"
"PE","Peru",1993,672,"Latin America & Caribbean","Upper middle income"
"PE","Peru",1994,253,"Latin America & Caribbean","Upper middle income"
"PE","Peru",1995,266,"Latin America & Caribbean","Upper middle income"
"PE","Peru",1996,80,"Latin America & Caribbean","Upper middle income"
"PE","Peru",1997,93,"Latin America & Caribbean","Upper middle income"
"PE","Peru",1998,25,"Latin America & Caribbean","Upper middle income"
"PE","Peru",1999,75,"Latin America & Caribbean","Upper middle income"
"PE","Peru",2007,32,"Latin America & Caribbean","Upper middle income"
"PE","Peru",2008,40,"Latin America & Caribbean","Upper middle income"
"PE","Peru",2009,50,"Latin America & Caribbean","Upper middle income"
"PE","Peru",2010,28,"Latin America & Caribbean","Upper middle income"
"PE","Peru",2020,5,"Latin America & Caribbean","Upper middle income"
"PH","Philippines",1989,937,"East Asia & Pacific","Lower middle income"
"PH","Philippines",1990,1316,"East Asia & Pacific","Lower middle income"
"PH","Philippines",1991,1515,"East Asia & Pacific","Lower middle income"
"PH","Philippines",1992,430,"East Asia & Pacific","Lower middle income"
"PH","Philippines",1993,253,"East Asia & Pacific","Lower middle income"
"PH","Philippines",1994,265,"East Asia & Pacific","Lower middle income"
"PH","Philippines",1995,152,"East Asia & Pacific","Lower middle income"
"PH","Philippines",1996,180,"East Asia & Pacific","Lower middle income"
"PH","Philippines",1997,302,"East Asia & Pacific","Lower middle income"
"PH","Philippines",1998,93,"East Asia & Pacific","Lower middle income"
"PH","Philippines",1999,199,"East Asia & Pacific","Lower middle income"
"PH","Philippines",2000,1567,"East Asia & Pacific","Lower middle income"
"PH","Philippines",2001,1001,"East Asia & Pacific","Lower middle income"
"PH","Philippines",2002,662,"East Asia & Pacific","Lower middle income"
"PH","Philippines",2003,1051,"East Asia & Pacific","Lower middle income"
"PH","Philippines",2004,339,"East Asia & Pacific","Lower middle income"
"PH","Philippines",2005,470,"East Asia & Pacific","Lower middle income"
"PH","Philippines",2006,360,"East Asia & Pacific","Lower middle income"
"PH","Philippines",2007,439,"East Asia & Pacific","Lower middle income"
"PH","Philippines",2008,481,"East Asia & Pacific","Lower middle income"
"PH","Philippines",2009,894,"East Asia & Pacific","Lower middle income"
"PH","Philippines",2010,332,"East Asia & Pacific","Lower middle income"
"PH","Philippines",2011,350,"East Asia & Pacific","Lower middle income"
"PH","Philippines",2012,295,"East Asia & Pacific","Lower middle income"
"PH","Philippines",2013,514,"East Asia & Pacific","Lower middle income"
"PH","Philippines",2014,470,"East Asia & Pacific","Lower middle income"
"PH","Philippines",2015,572,"East Asia & Pacific","Lower middle income"
"PH","Philippines",2016,550,"East Asia & Pacific","Lower middle income"
"PH","Philippines",2017,1623,"East Asia & Pacific","Lower middle income"
"PH","Philippines",2018,420,"East Asia & Pacific","Lower middle income"
"PH","Philippines",2019,309,"East Asia & Pacific","Lower middle income"
"PH","Philippines",2020,348,"East Asia & Pacific","Lower middle income"
"PH","Philippines",2021,266,"East Asia & Pacific","Lower middle income"
"PH","Philippines",2022,219,"East Asia & Pacific","Lower middle income"
"PH","Philippines",2023,243,"East Asia & Pacific","Lower middle income"
"PL","Poland",2022,2,"Europe & Central Asia","High income"
"RO","Romania",1989,249,"Europe & Central Asia","High income"
"RU","Russian Federation",1990,192,"Europe & Central Asia","High income"
"RU","Russian Federation",1991,220,"Europe & Central Asia","High income"
"RU","Russian Federation",1993,145,"Europe & Central Asia","High income"
"RU","Russian Federation",1994,229,"Europe & Central Asia","High income"
"RU","Russian Federation",1995,1754,"Europe & Central Asia","High income"
"RU","Russian Federation",1996,2721,"Europe & Central Asia","High income"
"RU","Russian Federation",1999,5854,"Europe & Central Asia","High income"
"RU","Russian Federation",2000,2907,"Europe & Central Asia","High income"
"RU","Russian Federation",2001,791,"Europe & Central Asia","High income"
"RU","Russian Federation",2002,1289,"Europe & Central Asia","High income"
"RU","Russian Federation",2003,480,"Europe & Central Asia","High income"
"RU","Russian Federation",2004,1151,"Europe & Central Asia","High income"
"RU","Russian Federation",2005,682,"Europe & Central Asia","High income"
"RU","Russian Federation",2006,259,"Europe & Central Asia","High income"
"RU","Russian Federation",2007,176,"Europe & Central Asia","High income"
"RU","Russian Federation",2008,404,"Europe & Central Asia","High income"
"RU","Russian Federation",2009,697,"Europe & Central Asia","High income"
"RU","Russian Federation",2010,418,"Europe & Central Asia","High income"
"RU","Russian Federation",2011,356,"Europe & Central Asia","High income"
"RU","Russian Federation",2012,516,"Europe & Central Asia","High income"
"RU","Russian Federation",2013,321,"Europe & Central Asia","High income"
"RU","Russian Federation",2014,174,"Europe & Central Asia","High income"
"RU","Russian Federation",2015,84,"Europe & Central Asia","High income"
"RU","Russian Federation",2016,69,"Europe & Central Asia","High income"
"RU","Russian Federation",2017,53,"Europe & Central Asia","High income"
"RU","Russian Federation",2018,30,"Europe & Central Asia","High income"
"RU","Russian Federation",2019,26,"Europe & Central Asia","High income"
"RU","Russian Federation",2020,32,"Europe & Central Asia","High income"
"RU","Russian Federation",2022,65,"Europe & Central Asia","High income"
"RU","Russian Federation",2023,197,"Europe & Central Asia","High income"
"RW","Rwanda",1990,1126,"Sub-Saharan Africa","Low income"
"RW","Rwanda",1991,153,"Sub-Saharan Africa","Low income"
"RW","Rwanda",1992,87,"Sub-Saharan Africa","Low income"
"RW","Rwanda",1993,353,"Sub-Saharan Africa","Low income"
"RW","Rwanda",1994,1882,"Sub-Saharan Africa","Low income"
"RW","Rwanda",1996,124,"Sub-Saharan Africa","Low income"
"RW","Rwanda",1997,985,"Sub-Saharan Africa","Low income"
"RW","Rwanda",1998,1095,"Sub-Saharan Africa","Low income"
"RW","Rwanda",2001,2044,"Sub-Saharan Africa","Low income"
"RW","Rwanda",2012,13,"Sub-Saharan Africa","Low income"
"RW","Rwanda",2013,1,"Sub-Saharan Africa","Low income"
"RW","Rwanda",2019,19,"Sub-Saharan Africa","Low income"
"RW","Rwanda",2022,4,"Sub-Saharan Africa","Low income"
"SA","Saudi Arabia",1991,101,"Middle East & North Africa","High income"
"SA","Saudi Arabia",2004,58,"Middle East & North Africa","High income"
"SA","Saudi Arabia",2005,31,"Middle East & North Africa","High income"
"SA","Saudi Arabia",2006,11,"Middle East & North Africa","High income"
"SA","Saudi Arabia",2007,2,"Middle East & North Africa","High income"
"SA","Saudi Arabia",2015,81,"Middle East & North Africa","High income"
"SA","Saudi Arabia",2016,120,"Middle East & North Africa","High income"
"SA","Saudi Arabia",2017,45,"Middle East & North Africa","High income"
"SA","Saudi Arabia",2018,11,"Middle East & North Africa","High income"
"SA","Saudi Arabia",2019,5,"Middle East & North Africa","High income"
"SA","Saudi Arabia",2021,6,"Middle East & North Africa","High income"
"SA","Saudi Arabia",2023,9,"Middle East & North Africa","High income"
"SN","Senegal",1990,58,"Sub-Saharan Africa","Lower middle income"
"SN","Senegal",1992,76,"Sub-Saharan Africa","Lower middle income"
"SN","Senegal",1993,233,"Sub-Saharan Africa","Lower middle income"
"SN","Senegal",1995,299,"Sub-Saharan Africa","Lower middle income"
"SN","Senegal",1997,319,"Sub-Saharan Africa","Lower middle income"
"SN","Senegal",1998,242,"Sub-Saharan Africa","Lower middle income"
"SN","Senegal",2000,47,"Sub-Saharan Africa","Lower middle income"
"SN","Senegal",2001,33,"Sub-Saharan Africa","Lower middle income"
"SN","Senegal",2003,39,"Sub-Saharan Africa","Lower middle income"
"SN","Senegal",2011,25,"Sub-Saharan Africa","Lower middle income"
"RS","Serbia",1991,3022,"Europe & Central Asia","Upper middle income"
"RS","Serbia",1992,207,"Europe & Central Asia","Upper middle income"
"RS","Serbia",1998,1235,"Europe & Central Asia","Upper middle income"
"RS","Serbia",1999,1398,"Europe & Central Asia","Upper middle income"
"SL","Sierra Leone",1991,552,"Sub-Saharan Africa","Low income"
"SL","Sierra Leone",1992,218,"Sub-Saharan Africa","Low income"
"SL","Sierra Leone",1993,410,"Sub-Saharan Africa","Low income"
"SL","Sierra Leone",1994,628,"Sub-Saharan Africa","Low income"
"SL","Sierra Leone",1995,1472,"Sub-Saharan Africa","Low income"
"SL","Sierra Leone",1996,570,"Sub-Saharan Africa","Low income"
"SL","Sierra Leone",1997,748,"Sub-Saharan Africa","Low income"
"SL","Sierra Leone",1998,3287,"Sub-Saharan Africa","Low income"
"SL","Sierra Leone",1999,3153,"Sub-Saharan Africa","Low income"
"SL","Sierra Leone",2000,382,"Sub-Saharan Africa","Low income"
"SL","Sierra Leone",2001,50,"Sub-Saharan Africa","Low income"
"SB","Solomon Islands",1992,2,"East Asia & Pacific","Lower middle income"
"ZA","South Africa",1989,361,"Sub-Saharan Africa","Upper middle income"
"SS","South Sudan",2011,220,"Sub-Saharan Africa","Low income"
"SS","South Sudan",2012,266,"Sub-Saharan Africa","Low income"
"SS","South Sudan",2013,926,"Sub-Saharan Africa","Low income"
"SS","South Sudan",2014,1674,"Sub-Saharan Africa","Low income"
"SS","South Sudan",2015,493,"Sub-Saharan Africa","Low income"
"SS","South Sudan",2016,735,"Sub-Saharan Africa","Low income"
"SS","South Sudan",2017,484,"Sub-Saharan Africa","Low income"
"SS","South Sudan",2018,526,"Sub-Saharan Africa","Low income"
"SS","South Sudan",2019,110,"Sub-Saharan Africa","Low income"
"SS","South Sudan",2020,58,"Sub-Saharan Africa","Low income"
"SS","South Sudan",2021,188,"Sub-Saharan Africa","Low income"
"ES","Spain",1991,45,"Europe & Central Asia","High income"
"LK","Sri Lanka",1989,533,"South Asia","Lower middle income"
"LK","Sri Lanka",1990,3622,"South Asia","Lower middle income"
"LK","Sri Lanka",1991,6432,"South Asia","Lower middle income"
"LK","Sri Lanka",1992,4091,"South Asia","Lower middle income"
"LK","Sri Lanka",1993,2075,"South Asia","Lower middle income"
"LK","Sri Lanka",1994,657,"South Asia","Lower middle income"
"LK","Sri Lanka",1995,4755,"South Asia","Lower middle income"
"LK","Sri Lanka",1996,3868,"South Asia","Lower middle income"
"LK","Sri Lanka",1997,2880,"South Asia","Lower middle income"
"LK","Sri Lanka",1998,3762,"South Asia","Lower middle income"
"LK","Sri Lanka",1999,1882,"South Asia","Lower middle income"
"LK","Sri Lanka",2000,2525,"South Asia","Lower middle income"
"LK","Sri Lanka",2001,1144,"South Asia","Lower middle income"
"LK","Sri Lanka",2003,29,"South Asia","Lower middle income"
"LK","Sri Lanka",2005,88,"South Asia","Lower middle income"
"LK","Sri Lanka",2006,1970,"South Asia","Lower middle income"
"LK","Sri Lanka",2007,2494,"South Asia","Lower middle income"
"LK","Sri Lanka",2008,8262,"South Asia","Lower middle income"
"LK","Sri Lanka",2009,10165,"South Asia","Lower middle income"
"SD","Sudan",1989,4515,"Sub-Saharan Africa","Low income"
"SD","Sudan",1990,5030,"Sub-Saharan Africa","Low income"
"SD","Sudan",1991,1313,"Sub-Saharan Africa","Low income"
"SD","Sudan",1992,1083,"Sub-Saharan Africa","Low income"
"SD","Sudan",1993,942,"Sub-Saharan Africa","Low income"
"SD","Sudan",1994,337,"Sub-Saharan Africa","Low income"
"SD","Sudan",1995,1036,"Sub-Saharan Africa","Low income"
"SD","Sudan",1996,2289,"Sub-Saharan Africa","Low income"
"SD","Sudan",1997,3859,"Sub-Saharan Africa","Low income"
"SD","Sudan",1998,4891,"Sub-Saharan Africa","Low income"
"SD","Sudan",1999,1408,"Sub-Saharan Africa","Low income"
"SD","Sudan",2000,2841,"Sub-Saharan Africa","Low income"
"SD","Sudan",2001,3457,"Sub-Saharan Africa","Low income"
"SD","Sudan",2002,2312,"Sub-Saharan Africa","Low income"
"SD","Sudan",2003,2008,"Sub-Saharan Africa","Low income"
"SD","Sudan",2004,3671,"Sub-Saharan Africa","Low income"
"SD","Sudan",2005,246,"Sub-Saharan Africa","Low income"
"SD","Sudan",2006,1030,"Sub-Saharan Africa","Low income"
"SD","Sudan",2007,217,"Sub-Saharan Africa","Low income"
"SD","Sudan",2008,620,"Sub-Saharan Africa","Low income"
"SD","Sudan",2009,373,"Sub-Saharan Africa","Low income"
"SD","Sudan",2010,1054,"Sub-Saharan Africa","Low income"
"SD","Sudan",2011,1404,"Sub-Saharan Africa","Low income"
"SD","Sudan",2012,1411,"Sub-Saharan Africa","Low income"
"SD","Sudan",2013,594,"Sub-Saharan Africa","Low income"
"SD","Sudan",2014,849,"Sub-Saharan Africa","Low income"
"SD","Sudan",2015,1264,"Sub-Saharan Africa","Low income"
"SD","Sudan",2016,1309,"Sub-Saharan Africa","Low income"
"SD","Sudan",2017,160,"Sub-Saharan Africa","Low income"
"SD","Sudan",2018,243,"Sub-Saharan Africa","Low income"
"SD","Sudan",2020,45,"Sub-Saharan Africa","Low income"
"SD","Sudan",2021,31,"Sub-Saharan Africa","Low income"
"SD","Sudan",2022,54,"Sub-Saharan Africa","Low income"
"SD","Sudan",2023,5353,"Sub-Saharan Africa","Low income"
"SY","Syrian Arab Republic",2004,1,"Middle East & North Africa","Low income"
"SY","Syrian Arab Republic",2011,1203,"Middle East & North Africa","Low income"
"SY","Syrian Arab Republic",2012,50485,"Middle East & North Africa","Low income"
"SY","Syrian Arab Republic",2013,72013,"Middle East & North Africa","Low income"
"SY","Syrian Arab Republic",2014,66066,"Middle East & North Africa","Low income"
"SY","Syrian Arab Republic",2015,51086,"Middle East & North Africa","Low income"
"SY","Syrian Arab Republic",2016,44938,"Middle East & North Africa","Low income"
"SY","Syrian Arab Republic",2017,25035,"Middle East & North Africa","Low income"
"SY","Syrian Arab Republic",2018,13246,"Middle East & North Africa","Low income"
"SY","Syrian Arab Republic",2019,7539,"Middle East & North Africa","Low income"
"SY","Syrian Arab Republic",2020,4862,"Middle East & North Africa","Low income"
"SY","Syrian Arab Republic",2021,1523,"Middle East & North Africa","Low income"
"SY","Syrian Arab Republic",2022,966,"Middle East & North Africa","Low income"
"SY","Syrian Arab Republic",2023,1660,"Middle East & North Africa","Low income"
"TJ","Tajikistan",1992,3355,"Europe & Central Asia","Lower middle income"
"TJ","Tajikistan",1993,1045,"Europe & Central Asia","Lower middle income"
"TJ","Tajikistan",1994,356,"Europe & Central Asia","Lower middle income"
"TJ","Tajikistan",1995,368,"Europe & Central Asia","Lower middle income"
"TJ","Tajikistan",1996,2790,"Europe & Central Asia","Lower middle income"
"TJ","Tajikistan",1997,87,"Europe & Central Asia","Lower middle income"
"TJ","Tajikistan",1998,600,"Europe & Central Asia","Lower middle income"
"TJ","Tajikistan",1999,3,"Europe & Central Asia","Lower middle income"
"TJ","Tajikistan",2000,46,"Europe & Central Asia","Lower middle income"
"TJ","Tajikistan",2010,98,"Europe & Central Asia","Lower middle income"
"TJ","Tajikistan",2011,28,"Europe & Central Asia","Lower middle income"
"TJ","Tajikistan",2018,52,"Europe & Central Asia","Lower middle income"
"TJ","Tajikistan",2019,49,"Europe & Central Asia","Lower middle income"
"TJ","Tajikistan",2021,16,"Europe & Central Asia","Lower middle income"
"TJ","Tajikistan",2022,87,"Europe & Central Asia","Lower middle income"
"TZ","Tanzania",2020,25,"Sub-Saharan Africa","Lower middle income"
"TH","Thailand",1989,4,"East Asia & Pacific","Upper middle income"
"TH","Thailand",1990,19,"East Asia & Pacific","Upper middle income"
"TH","Thailand",1998,3,"East Asia & Pacific","Upper middle income"
"TH","Thailand",2000,8,"East Asia & Pacific","Upper middle income"
"TH","Thailand",2001,22,"East Asia & Pacific","Upper middle income"
"TH","Thailand",2002,23,"East Asia & Pacific","Upper middle income"
"TH","Thailand",2003,26,"East Asia & Pacific","Upper middle income"
"TH","Thailand",2004,164,"East Asia & Pacific","Upper middle income"
"TH","Thailand",2005,208,"East Asia & Pacific","Upper middle income"
"TH","Thailand",2006,212,"East Asia & Pacific","Upper middle income"
"TH","Thailand",2007,197,"East Asia & Pacific","Upper middle income"
"TH","Thailand",2008,148,"East Asia & Pacific","Upper middle income"
"TH","Thailand",2009,138,"East Asia & Pacific","Upper middle income"
"TH","Thailand",2010,83,"East Asia & Pacific","Upper middle income"
"TH","Thailand",2011,162,"East Asia & Pacific","Upper middle income"
"TH","Thailand",2012,131,"East Asia & Pacific","Upper middle income"
"TH","Thailand",2013,189,"East Asia & Pacific","Upper middle income"
"TH","Thailand",2014,68,"East Asia & Pacific","Upper middle income"
"TH","Thailand",2015,57,"East Asia & Pacific","Upper middle income"
"TH","Thailand",2016,50,"East Asia & Pacific","Upper middle income"
"TH","Thailand",2017,43,"East Asia & Pacific","Upper middle income"
"TH","Thailand",2018,36,"East Asia & Pacific","Upper middle income"
"TH","Thailand",2019,55,"East Asia & Pacific","Upper middle income"
"TH","Thailand",2020,46,"East Asia & Pacific","Upper middle income"
"TH","Thailand",2021,38,"East Asia & Pacific","Upper middle income"
"TH","Thailand",2022,29,"East Asia & Pacific","Upper middle income"
"TH","Thailand",2023,30,"East Asia & Pacific","Upper middle income"
"TG","Togo",2022,34,"Sub-Saharan Africa","Low income"
"TG","Togo",2023,29,"Sub-Saharan Africa","Low income"
"TT","Trinidad and Tobago",1990,39,"Latin America & Caribbean","High income"
"TN","Tunisia",2013,29,"Middle East & North Africa","Lower middle income"
"TN","Tunisia",2014,50,"Middle East & North Africa","Lower middle income"
"TN","Tunisia",2015,59,"Middle East & North Africa","Lower middle income"
"TN","Tunisia",2016,71,"Middle East & North Africa","Lower middle income"
"TR","Turkiye",1989,442,"Europe & Central Asia","Upper middle income"
"TR","Turkiye",1990,526,"Europe & Central Asia","Upper middle income"
"TR","Turkiye",1991,386,"Europe & Central Asia","Upper middle income"
"TR","Turkiye",1992,1696,"Europe & Central Asia","Upper middle income"
"TR","Turkiye",1993,2334,"Europe & Central Asia","Upper middle income"
"TR","Turkiye",1994,3952,"Europe & Central Asia","Upper middle income"
"TR","Turkiye",1995,3555,"Europe & Central Asia","Upper middle income"
"TR","Turkiye",1996,3746,"Europe & Central Asia","Upper middle income"
"TR","Turkiye",1997,2531,"Europe & Central Asia","Upper middle income"
"TR","Turkiye",1998,2023,"Europe & Central Asia","Upper middle income"
"TR","Turkiye",1999,1095,"Europe & Central Asia","Upper middle income"
"TR","Turkiye",2000,153,"Europe & Central Asia","Upper middle income"
"TR","Turkiye",2001,103,"Europe & Central Asia","Upper middle income"
"TR","Turkiye",2002,28,"Europe & Central Asia","Upper middle income"
"TR","Turkiye",2003,93,"Europe & Central Asia","Upper middle income"
"TR","Turkiye",2004,194,"Europe & Central Asia","Upper middle income"
"TR","Turkiye",2005,293,"Europe & Central Asia","Upper middle income"
"TR","Turkiye",2006,225,"Europe & Central Asia","Upper middle income"
"TR","Turkiye",2007,494,"Europe & Central Asia","Upper middle income"
"TR","Turkiye",2008,471,"Europe & Central Asia","Upper middle income"
"TR","Turkiye",2009,138,"Europe & Central Asia","Upper middle income"
"TR","Turkiye",2010,226,"Europe & Central Asia","Upper middle income"
"TR","Turkiye",2011,405,"Europe & Central Asia","Upper middle income"
"TR","Turkiye",2012,785,"Europe & Central Asia","Upper middle income"
"TR","Turkiye",2013,20,"Europe & Central Asia","Upper middle income"
"TR","Turkiye",2015,902,"Europe & Central Asia","Upper middle income"
"TR","Turkiye",2016,1421,"Europe & Central Asia","Upper middle income"
"TR","Turkiye",2017,378,"Europe & Central Asia","Upper middle income"
"TR","Turkiye",2018,434,"Europe & Central Asia","Upper middle income"
"TR","Turkiye",2019,245,"Europe & Central Asia","Upper middle income"
"TR","Turkiye",2020,192,"Europe & Central Asia","Upper middle income"
"TR","Turkiye",2021,117,"Europe & Central Asia","Upper middle income"
"TR","Turkiye",2022,96,"Europe & Central Asia","Upper middle income"
"TR","Turkiye",2023,106,"Europe & Central Asia","Upper middle income"
"UG","Uganda",1989,1022,"Sub-Saharan Africa","Low income"
"UG","Uganda",1990,626,"Sub-Saharan Africa","Low income"
"UG","Uganda",1991,857,"Sub-Saharan Africa","Low income"
"UG","Uganda",1992,72,"Sub-Saharan Africa","Low income"
"UG","Uganda",1994,149,"Sub-Saharan Africa","Low income"
"UG","Uganda",1995,259,"Sub-Saharan Africa","Low income"
"UG","Uganda",1996,1185,"Sub-Saharan Africa","Low income"
"UG","Uganda",1997,738,"Sub-Saharan Africa","Low income"
"UG","Uganda",1998,748,"Sub-Saharan Africa","Low income"
"UG","Uganda",1999,341,"Sub-Saharan Africa","Low income"
"UG","Uganda",2000,364,"Sub-Saharan Africa","Low income"
"UG","Uganda",2001,108,"Sub-Saharan Africa","Low income"
"UG","Uganda",2002,722,"Sub-Saharan Africa","Low income"
"UG","Uganda",2003,633,"Sub-Saharan Africa","Low income"
"UG","Uganda",2004,1215,"Sub-Saharan Africa","Low income"
"UG","Uganda",2005,610,"Sub-Saharan Africa","Low income"
"UG","Uganda",2006,198,"Sub-Saharan Africa","Low income"
"UG","Uganda",2007,91,"Sub-Saharan Africa","Low income"
"UG","Uganda",2022,25,"Sub-Saharan Africa","Low income"
"UA","Ukraine",2014,4894,"Europe & Central Asia","Upper middle income"
"UA","Ukraine",2015,1890,"Europe & Central Asia","Upper middle income"
"UA","Ukraine",2016,697,"Europe & Central Asia","Upper middle income"
"UA","Ukraine",2017,447,"Europe & Central Asia","Upper middle income"
"UA","Ukraine",2018,243,"Europe & Central Asia","Upper middle income"
"UA","Ukraine",2019,311,"Europe & Central Asia","Upper middle income"
"UA","Ukraine",2020,196,"Europe & Central Asia","Upper middle income"
"UA","Ukraine",2021,208,"Europe & Central Asia","Upper middle income"
"UA","Ukraine",2022,91478,"Europe & Central Asia","Upper middle income"
"UA","Ukraine",2023,75080,"Europe & Central Asia","Upper middle income"
"AE","United Arab Emirates",2022,3,"Middle East & North Africa","High income"
"GB","United Kingdom",1989,35,"Europe & Central Asia","High income"
"GB","United Kingdom",1990,41,"Europe & Central Asia","High income"
"GB","United Kingdom",1991,26,"Europe & Central Asia","High income"
"GB","United Kingdom",1998,29,"Europe & Central Asia","High income"
"GB","United Kingdom",2019,1,"Europe & Central Asia","High income"
"US","United States",2001,233,"North America","High income"
"UZ","Uzbekistan",1999,50,"Europe & Central Asia","Lower middle income"
"UZ","Uzbekistan",2000,297,"Europe & Central Asia","Lower middle income"
"UZ","Uzbekistan",2004,37,"Europe & Central Asia","Lower middle income"
"VE","Venezuela, RB",1992,144,"Latin America & Caribbean","Not classified"
"VE","Venezuela, RB",2007,2,"Latin America & Caribbean","Not classified"
"YE","Yemen, Rep.",1994,1489,"Middle East & North Africa","Low income"
"YE","Yemen, Rep.",2002,2,"Middle East & North Africa","Low income"
"YE","Yemen, Rep.",2008,21,"Middle East & North Africa","Low income"
"YE","Yemen, Rep.",2009,94,"Middle East & North Africa","Low income"
"YE","Yemen, Rep.",2010,175,"Middle East & North Africa","Low income"
"YE","Yemen, Rep.",2011,1143,"Middle East & North Africa","Low income"
"YE","Yemen, Rep.",2012,2366,"Middle East & North Africa","Low income"
"YE","Yemen, Rep.",2013,578,"Middle East & North Africa","Low income"
"YE","Yemen, Rep.",2014,1826,"Middle East & North Africa","Low income"
"YE","Yemen, Rep.",2015,7720,"Middle East & North Africa","Low income"
"YE","Yemen, Rep.",2016,3013,"Middle East & North Africa","Low income"
"YE","Yemen, Rep.",2017,3145,"Middle East & North Africa","Low income"
"YE","Yemen, Rep.",2018,4639,"Middle East & North Africa","Low income"
"YE","Yemen, Rep.",2019,2629,"Middle East & North Africa","Low income"
"YE","Yemen, Rep.",2020,6294,"Middle East & North Africa","Low income"
"YE","Yemen, Rep.",2021,23351,"Middle East & North Africa","Low income"
"YE","Yemen, Rep.",2022,2917,"Middle East & North Africa","Low income"
"YE","Yemen, Rep.",2023,795,"Middle East & North Africa","Low income"
